ID,course_ID,participant_ID,status,createdAt,createdBy,modifiedAt,modifiedBy
10406624-f979-4802-8f55-da853ace957b,22100027-bb42-4d00-8f49-6771d7c370d6,29198619-b3a8-49f1-b7c5-9332b304af3d,CANCELLED,2008-12-12T00:00:00.000Z,createdBy.671sw@example.com,2008-12-18T00:00:00.000Z,modifiedBy.671sw@example.org
10406625-e3cf-4cf3-a9a5-20a2541e017c,22100027-bb42-4d00-8f49-6771d7c370d6,29198619-b3a8-49f1-b7c5-9332b304af3d,WAITLISTED,2020-06-20T00:00:00.000Z,createdBy.671sx@example.net,2007-04-15T00:00:00.000Z,modifiedBy.671sx@example.net
30107244-3994-401a-bd45-b67154c48ee5,22100028-9168-4f83-ae3f-83b31b7e1de1,29198619-b3a8-49f1-b7c5-9332b304af3d,CONFIRMED,2017-06-29T00:00:00.000Z,createdBy.hxawc@example.com,2020-01-10T00:00:00.000Z,modifiedBy.hxawc@example.net
30107245-f8e2-4e88-a062-50a0c38703ee,22100028-9168-4f83-ae3f-83b31b7e1de1,29198619-b3a8-49f1-b7c5-9332b304af3d,CONFIRMED,2019-06-21T00:00:00.000Z,createdBy.hxawd@example.com,2012-03-14T00:00:00.000Z,modifiedBy.hxawd@example.net
14266076-be7d-4824-a8c6-97e89d1a47c5,22100029-d2c8-451d-b68c-9d858fd36274,29198619-b3a8-49f1-b7c5-9332b304af3d,CONFIRMED,2000-09-21T00:00:00.000Z,createdBy.8hrrw@example.net,2004-06-24T00:00:00.000Z,modifiedBy.8hrrw@example.com
14266077-54d4-4d50-9a71-e58f60afbd5f,22100029-d2c8-451d-b68c-9d858fd36274,29198619-b3a8-49f1-b7c5-9332b304af3d,CANCELLED,2018-11-13T00:00:00.000Z,createdBy.8hrrx@example.net,2014-07-20T00:00:00.000Z,modifiedBy.8hrrx@example.net
15014579-ab66-47eb-a095-7b7a8e9716af,22100030-6ad1-427b-ad46-7ddc4f06233f,29198619-b3a8-49f1-b7c5-9332b304af3d,CONFIRMED,2015-11-01T00:00:00.000Z,createdBy.8xtbn@example.org,2013-10-20T00:00:00.000Z,modifiedBy.8xtbn@example.com
15014580-df8a-40d1-a2c9-4711545e4307,22100030-6ad1-427b-ad46-7ddc4f06233f,29198619-b3a8-49f1-b7c5-9332b304af3d,CANCELLED,2009-01-03T00:00:00.000Z,createdBy.8xtbo@example.com,2005-07-08T00:00:00.000Z,modifiedBy.8xtbo@example.net
26415756-eee8-4362-b111-3633fa282a99,22100031-a12a-456b-ac1a-e4ecb397cfff,29198619-b3a8-49f1-b7c5-9332b304af3d,CONFIRMED,2007-08-08T00:00:00.000Z,createdBy.fq6j0@example.net,2010-12-08T00:00:00.000Z,modifiedBy.fq6j0@example.com
26415757-8ac0-44fd-adbd-e7a28f3b7523,22100031-a12a-456b-ac1a-e4ecb397cfff,29198619-b3a8-49f1-b7c5-9332b304af3d,WAITLISTED,2004-04-16T00:00:00.000Z,createdBy.fq6j1@example.org,2018-02-13T00:00:00.000Z,modifiedBy.fq6j1@example.org
